{
  "id": "",
  "name": "",
  "font_family": "iconfont",
  "css_prefix_text": "icon-",
  "description": "",
  "glyphs": [
    {
      "icon_id": "955983",
      "name": "对勾",
      "font_class": "duigou",
      "unicode": "e640",
      "unicode_decimal": 58944
    },
    {
      "icon_id": "1727480",
      "name": "238图片",
      "font_class": "tupian",
      "unicode": "e8d3",
      "unicode_decimal": 59603
    },
    {
      "icon_id": "4890369",
      "name": "标题正文切换",
      "font_class": "biaotizhengwenqiehuan",
      "unicode": "e6e2",
      "unicode_decimal": 59106
    },
    {
      "icon_id": "4890373",
      "name": "粗体",
      "font_class": "cuti",
      "unicode": "e6e3",
      "unicode_decimal": 59107
    },
    {
      "icon_id": "6337454",
      "name": "分割线",
      "font_class": "fengexian",
      "unicode": "ec7f",
      "unicode_decimal": 60543
    },
    {
      "icon_id": "6337471",
      "name": "字体斜体",
      "font_class": "zitixieti",
      "unicode": "ec85",
      "unicode_decimal": 60549
    }
  ]
}
